timestamp,sensor_id,distance_m
2026-06-26T10:00:02.000Z,TF-LUNA-01,11.74
2026-06-26T10:00:04.000Z,TF-LUNA-01,11.31
2026-06-26T10:00:06.000Z,TF-LUNA-01,10.82
2026-06-26T10:00:08.000Z,TF-LUNA-01,10.42
2026-06-26T10:00:10.000Z,TF-LUNA-01,10.19
2026-06-26T10:00:12.000Z,TF-LUNA-01,9.93
2026-06-26T10:00:14.000Z,TF-LUNA-01,9.6
2026-06-26T10:00:16.000Z,TF-LUNA-01,9.28
2026-06-26T10:00:18.000Z,TF-LUNA-01,9.05
2026-06-26T10:00:20.000Z,TF-LUNA-01,8.56
2026-06-26T10:00:22.000Z,TF-LUNA-01,8.36
2026-06-26T10:00:24.000Z,TF-LUNA-01,8.13
2026-06-26T10:00:26.000Z,TF-LUNA-01,7.66
2026-06-26T10:00:28.000Z,TF-LUNA-01,7.43
2026-06-26T10:00:30.000Z,TF-LUNA-01,6.95
2026-06-26T10:00:32.000Z,TF-LUNA-01,6.69
2026-06-26T10:00:34.000Z,TF-LUNA-01,6.22
2026-06-26T10:00:36.000Z,TF-LUNA-01,5.87
2026-06-26T10:00:38.000Z,TF-LUNA-01,5.45
2026-06-26T10:00:40.000Z,TF-LUNA-01,5.07
2026-06-26T10:00:42.000Z,TF-LUNA-01,4.82
2026-06-26T10:00:44.000Z,TF-LUNA-01,4.41
2026-06-26T10:00:46.000Z,TF-LUNA-01,4.13
2026-06-26T10:00:48.000Z,TF-LUNA-01,3.82
2026-06-26T10:00:50.000Z,TF-LUNA-01,3.33
2026-06-26T10:00:52.000Z,TF-LUNA-01,2.93
2026-06-26T10:00:54.000Z,TF-LUNA-01,2.47
2026-06-26T10:00:56.000Z,TF-LUNA-01,2.2
2026-06-26T10:00:58.000Z,TF-LUNA-01,1.92
2026-06-26T10:01:00.000Z,TF-LUNA-01,1.8
2026-06-26T10:01:02.000Z,TF-LUNA-01,1.8
2026-06-26T10:01:04.000Z,TF-LUNA-01,1.8
2026-06-26T10:01:06.000Z,TF-LUNA-01,1.8
2026-06-26T10:01:08.000Z,TF-LUNA-01,1.45
2026-06-26T10:01:10.000Z,TF-LUNA-01,1.2
2026-06-26T10:01:12.000Z,TF-LUNA-01,0.95
2026-06-26T10:01:14.000Z,TF-LUNA-01,0.75
2026-06-26T10:01:16.000Z,TF-LUNA-01,0.52
2026-06-26T10:01:18.000Z,TF-LUNA-01,0.5
2026-06-26T10:01:20.000Z,TF-LUNA-01,0.5
2026-06-26T10:01:22.000Z,TF-LUNA-01,0.5
2026-06-26T10:01:24.000Z,TF-LUNA-01,0.5
2026-06-26T10:01:26.000Z,TF-LUNA-01,0.5
2026-06-26T10:01:28.000Z,TF-LUNA-01,0.5
2026-06-26T10:01:30.000Z,TF-LUNA-01,0.5
2026-06-26T10:01:32.000Z,TF-LUNA-01,0.5
2026-06-26T10:01:34.000Z,TF-LUNA-01,0.5
2026-06-26T10:01:36.000Z,TF-LUNA-01,0.49
2026-06-26T10:01:38.000Z,TF-LUNA-01,0.48
2026-06-26T10:01:40.000Z,TF-LUNA-01,0.48
2026-06-26T10:01:42.000Z,TF-LUNA-01,0.49
2026-06-26T10:01:44.000Z,TF-LUNA-01,0.48
2026-06-26T10:01:46.000Z,TF-LUNA-01,0.5
2026-06-26T10:01:48.000Z,TF-LUNA-01,0.48
2026-06-26T10:01:50.000Z,TF-LUNA-01,0.48
2026-06-26T10:01:52.000Z,TF-LUNA-01,0.47
2026-06-26T10:01:54.000Z,TF-LUNA-01,1.04
2026-06-26T10:01:56.000Z,TF-LUNA-01,1.79
2026-06-26T10:01:58.000Z,TF-LUNA-01,2.4
2026-06-26T10:02:00.000Z,TF-LUNA-01,3.24
2026-06-26T10:02:02.000Z,TF-LUNA-01,4.3
2026-06-26T10:02:04.000Z,TF-LUNA-01,4.81
2026-06-26T10:02:06.000Z,TF-LUNA-01,5.31
2026-06-26T10:02:08.000Z,TF-LUNA-01,6.37
2026-06-26T10:02:10.000Z,TF-LUNA-01,7.54
2026-06-26T10:02:12.000Z,TF-LUNA-01,7.78
2026-06-26T10:02:14.000Z,TF-LUNA-01,8.04
2026-06-26T10:02:16.000Z,TF-LUNA-01,7.68
2026-06-26T10:02:18.000Z,TF-LUNA-01,7.65
2026-06-26T10:02:20.000Z,TF-LUNA-01,7.27
2026-06-26T10:02:22.000Z,TF-LUNA-01,7.5
2026-06-26T10:02:24.000Z,TF-LUNA-01,7.52
2026-06-26T10:02:26.000Z,TF-LUNA-01,7.52
2026-06-26T10:02:28.000Z,TF-LUNA-01,7.34
2026-06-26T10:02:30.000Z,TF-LUNA-01,6.97
2026-06-26T10:02:32.000Z,TF-LUNA-01,7.22
2026-06-26T10:02:34.000Z,TF-LUNA-01,7.61
2026-06-26T10:02:36.000Z,TF-LUNA-01,7.54
2026-06-26T10:02:38.000Z,TF-LUNA-01,7.17
2026-06-26T10:02:40.000Z,TF-LUNA-01,7.09
2026-06-26T10:02:42.000Z,TF-LUNA-01,7.42
2026-06-26T10:02:44.000Z,TF-LUNA-01,7.56
2026-06-26T10:02:46.000Z,TF-LUNA-01,7.53
2026-06-26T10:02:48.000Z,TF-LUNA-01,7.2
2026-06-26T10:02:50.000Z,TF-LUNA-01,7.07
2026-06-26T10:02:52.000Z,TF-LUNA-01,7.25
2026-06-26T10:02:54.000Z,TF-LUNA-01,7.15
2026-06-26T10:02:56.000Z,TF-LUNA-01,6.88
2026-06-26T10:02:58.000Z,TF-LUNA-01,6.5
2026-06-26T10:03:00.000Z,TF-LUNA-01,6.88
2026-06-26T10:03:02.000Z,TF-LUNA-01,6.99
2026-06-26T10:03:04.000Z,TF-LUNA-01,7.38
2026-06-26T10:03:06.000Z,TF-LUNA-01,7.19
2026-06-26T10:03:08.000Z,TF-LUNA-01,7.45
2026-06-26T10:03:10.000Z,TF-LUNA-01,7.52
2026-06-26T10:03:12.000Z,TF-LUNA-01,7.9
2026-06-26T10:03:14.000Z,TF-LUNA-01,8.29
2026-06-26T10:03:16.000Z,TF-LUNA-01,8.45
2026-06-26T10:03:18.000Z,TF-LUNA-01,8.47
2026-06-26T10:03:20.000Z,TF-LUNA-01,8.73
2026-06-26T10:03:22.000Z,TF-LUNA-01,8.34
2026-06-26T10:03:24.000Z,TF-LUNA-01,8.33
2026-06-26T10:03:26.000Z,TF-LUNA-01,8.5
2026-06-26T10:03:28.000Z,TF-LUNA-01,8.8
2026-06-26T10:03:30.000Z,TF-LUNA-01,8.6
2026-06-26T10:03:32.000Z,TF-LUNA-01,8.46
2026-06-26T10:03:34.000Z,TF-LUNA-01,8.29
2026-06-26T10:03:36.000Z,TF-LUNA-01,8.06
2026-06-26T10:03:38.000Z,TF-LUNA-01,7.77
2026-06-26T10:03:40.000Z,TF-LUNA-01,7.53
2026-06-26T10:03:42.000Z,TF-LUNA-01,7.09
2026-06-26T10:03:44.000Z,TF-LUNA-01,6.67
2026-06-26T10:03:46.000Z,TF-LUNA-01,6.32
2026-06-26T10:03:48.000Z,TF-LUNA-01,6.02
2026-06-26T10:03:50.000Z,TF-LUNA-01,5.62
2026-06-26T10:03:52.000Z,TF-LUNA-01,5.22
2026-06-26T10:03:54.000Z,TF-LUNA-01,4.87
2026-06-26T10:03:56.000Z,TF-LUNA-01,4.39
2026-06-26T10:03:58.000Z,TF-LUNA-01,4.05
2026-06-26T10:04:00.000Z,TF-LUNA-01,3.58
2026-06-26T10:04:02.000Z,TF-LUNA-01,3.14
2026-06-26T10:04:04.000Z,TF-LUNA-01,2.72
2026-06-26T10:04:06.000Z,TF-LUNA-01,2.39
2026-06-26T10:04:08.000Z,TF-LUNA-01,1.91
2026-06-26T10:04:10.000Z,TF-LUNA-01,1.8
2026-06-26T10:04:12.000Z,TF-LUNA-01,1.8
2026-06-26T10:04:14.000Z,TF-LUNA-01,1.8
2026-06-26T10:04:16.000Z,TF-LUNA-01,1.8
2026-06-26T10:04:18.000Z,TF-LUNA-01,1.8
2026-06-26T10:04:20.000Z,TF-LUNA-01,1.8
2026-06-26T10:04:22.000Z,TF-LUNA-01,1.8
2026-06-26T10:04:24.000Z,TF-LUNA-01,1.8
2026-06-26T10:04:26.000Z,TF-LUNA-01,1.8
2026-06-26T10:04:28.000Z,TF-LUNA-01,1.8
2026-06-26T10:04:30.000Z,TF-LUNA-01,1.8
2026-06-26T10:04:32.000Z,TF-LUNA-01,1.8
2026-06-26T10:04:34.000Z,TF-LUNA-01,1.8
2026-06-26T10:04:36.000Z,TF-LUNA-01,1.8
2026-06-26T10:04:38.000Z,TF-LUNA-01,1.8
2026-06-26T10:04:40.000Z,TF-LUNA-01,1.8
2026-06-26T10:04:42.000Z,TF-LUNA-01,1.8
2026-06-26T10:04:44.000Z,TF-LUNA-01,1.8
2026-06-26T10:04:46.000Z,TF-LUNA-01,1.8
2026-06-26T10:04:48.000Z,TF-LUNA-01,1.8
2026-06-26T10:04:50.000Z,TF-LUNA-01,1.8
2026-06-26T10:04:52.000Z,TF-LUNA-01,1.8
2026-06-26T10:04:54.000Z,TF-LUNA-01,1.8
2026-06-26T10:04:56.000Z,TF-LUNA-01,1.8
2026-06-26T10:04:58.000Z,TF-LUNA-01,1.8
2026-06-26T10:05:00.000Z,TF-LUNA-01,5.5
2026-06-26T10:05:02.000Z,TF-LUNA-01,5.5
2026-06-26T10:05:04.000Z,TF-LUNA-01,5.5
2026-06-26T10:05:06.000Z,TF-LUNA-01,5.86
2026-06-26T10:05:08.000Z,TF-LUNA-01,6.0
2026-06-26T10:05:10.000Z,TF-LUNA-01,5.68
2026-06-26T10:05:12.000Z,TF-LUNA-01,5.56
2026-06-26T10:05:14.000Z,TF-LUNA-01,5.5
2026-06-26T10:05:16.000Z,TF-LUNA-01,5.5
2026-06-26T10:05:18.000Z,TF-LUNA-01,5.5
2026-06-26T10:05:20.000Z,TF-LUNA-01,5.82
2026-06-26T10:05:22.000Z,TF-LUNA-01,6.05
2026-06-26T10:05:24.000Z,TF-LUNA-01,6.14
2026-06-26T10:05:26.000Z,TF-LUNA-01,6.04
2026-06-26T10:05:28.000Z,TF-LUNA-01,6.09
2026-06-26T10:05:30.000Z,TF-LUNA-01,5.7
2026-06-26T10:05:32.000Z,TF-LUNA-01,5.37
2026-06-26T10:05:34.000Z,TF-LUNA-01,5.05
2026-06-26T10:05:36.000Z,TF-LUNA-01,4.6
2026-06-26T10:05:38.000Z,TF-LUNA-01,4.24
2026-06-26T10:05:40.000Z,TF-LUNA-01,3.81
2026-06-26T10:05:42.000Z,TF-LUNA-01,3.61
2026-06-26T10:05:44.000Z,TF-LUNA-01,3.3
2026-06-26T10:05:46.000Z,TF-LUNA-01,3.01
2026-06-26T10:05:48.000Z,TF-LUNA-01,2.75
2026-06-26T10:05:50.000Z,TF-LUNA-01,2.53
2026-06-26T10:05:52.000Z,TF-LUNA-01,2.33
2026-06-26T10:05:54.000Z,TF-LUNA-01,2.02
2026-06-26T10:05:56.000Z,TF-LUNA-01,1.8
2026-06-26T10:05:58.000Z,TF-LUNA-01,1.8
2026-06-26T10:06:00.000Z,TF-LUNA-01,1.8
2026-06-26T10:06:02.000Z,TF-LUNA-01,1.8
2026-06-26T10:06:04.000Z,TF-LUNA-01,1.8
2026-06-26T10:06:06.000Z,TF-LUNA-01,1.8
2026-06-26T10:06:08.000Z,TF-LUNA-01,1.8
2026-06-26T10:06:10.000Z,TF-LUNA-01,1.45
2026-06-26T10:06:12.000Z,TF-LUNA-01,1.32
2026-06-26T10:06:14.000Z,TF-LUNA-01,1.15
2026-06-26T10:06:16.000Z,TF-LUNA-01,0.86
2026-06-26T10:06:18.000Z,TF-LUNA-01,0.68
2026-06-26T10:06:20.000Z,TF-LUNA-01,0.5
2026-06-26T10:06:22.000Z,TF-LUNA-01,0.5
2026-06-26T10:06:24.000Z,TF-LUNA-01,0.5
2026-06-26T10:06:26.000Z,TF-LUNA-01,0.5
2026-06-26T10:06:28.000Z,TF-LUNA-01,0.5
2026-06-26T10:06:30.000Z,TF-LUNA-01,0.5
2026-06-26T10:06:32.000Z,TF-LUNA-01,0.5
2026-06-26T10:06:34.000Z,TF-LUNA-01,0.5
2026-06-26T10:06:36.000Z,TF-LUNA-01,0.5
2026-06-26T10:06:38.000Z,TF-LUNA-01,0.51
2026-06-26T10:06:40.000Z,TF-LUNA-01,0.53
2026-06-26T10:06:42.000Z,TF-LUNA-01,0.53
2026-06-26T10:06:44.000Z,TF-LUNA-01,0.55
2026-06-26T10:06:46.000Z,TF-LUNA-01,0.54
2026-06-26T10:06:48.000Z,TF-LUNA-01,0.56
2026-06-26T10:06:50.000Z,TF-LUNA-01,0.56
2026-06-26T10:06:52.000Z,TF-LUNA-01,0.58
2026-06-26T10:06:54.000Z,TF-LUNA-01,0.58
2026-06-26T10:06:56.000Z,TF-LUNA-01,0.6
2026-06-26T10:06:58.000Z,TF-LUNA-01,1.52
2026-06-26T10:07:00.000Z,TF-LUNA-01,2.31
2026-06-26T10:07:02.000Z,TF-LUNA-01,3.04
2026-06-26T10:07:04.000Z,TF-LUNA-01,3.9
2026-06-26T10:07:06.000Z,TF-LUNA-01,4.61
2026-06-26T10:07:08.000Z,TF-LUNA-01,5.45
2026-06-26T10:07:10.000Z,TF-LUNA-01,5.98
2026-06-26T10:07:12.000Z,TF-LUNA-01,7.13
2026-06-26T10:07:14.000Z,TF-LUNA-01,7.69
2026-06-26T10:07:16.000Z,TF-LUNA-01,8.87
2026-06-26T10:07:18.000Z,TF-LUNA-01,9.83
2026-06-26T10:07:20.000Z,TF-LUNA-01,10.4
2026-06-26T10:07:22.000Z,TF-LUNA-01,11.24
2026-06-26T10:07:24.000Z,TF-LUNA-01,12.0
2026-06-26T10:07:26.000Z,TF-LUNA-01,12.0
2026-06-26T10:07:28.000Z,TF-LUNA-01,11.86
2026-06-26T10:07:30.000Z,TF-LUNA-01,11.54
2026-06-26T10:07:32.000Z,TF-LUNA-01,11.31
2026-06-26T10:07:34.000Z,TF-LUNA-01,11.43
2026-06-26T10:07:36.000Z,TF-LUNA-01,11.42
2026-06-26T10:07:38.000Z,TF-LUNA-01,11.64
2026-06-26T10:07:40.000Z,TF-LUNA-01,11.31
2026-06-26T10:07:42.000Z,TF-LUNA-01,11.48
2026-06-26T10:07:44.000Z,TF-LUNA-01,11.18
2026-06-26T10:07:46.000Z,TF-LUNA-01,11.48
2026-06-26T10:07:48.000Z,TF-LUNA-01,11.16
2026-06-26T10:07:50.000Z,TF-LUNA-01,10.82
2026-06-26T10:07:52.000Z,TF-LUNA-01,11.09
2026-06-26T10:07:54.000Z,TF-LUNA-01,11.0
2026-06-26T10:07:56.000Z,TF-LUNA-01,11.19
2026-06-26T10:07:58.000Z,TF-LUNA-01,11.52
2026-06-26T10:08:00.000Z,TF-LUNA-01,11.52
2026-06-26T10:08:02.000Z,TF-LUNA-01,11.69
2026-06-26T10:08:04.000Z,TF-LUNA-01,11.48
2026-06-26T10:08:06.000Z,TF-LUNA-01,11.08
2026-06-26T10:08:08.000Z,TF-LUNA-01,10.97
2026-06-26T10:08:10.000Z,TF-LUNA-01,11.03
2026-06-26T10:08:12.000Z,TF-LUNA-01,11.06
2026-06-26T10:08:14.000Z,TF-LUNA-01,11.02
2026-06-26T10:08:16.000Z,TF-LUNA-01,10.81
2026-06-26T10:08:18.000Z,TF-LUNA-01,10.98
2026-06-26T10:08:20.000Z,TF-LUNA-01,10.76
2026-06-26T10:08:22.000Z,TF-LUNA-01,11.14
2026-06-26T10:08:24.000Z,TF-LUNA-01,10.81
2026-06-26T10:08:26.000Z,TF-LUNA-01,10.45
2026-06-26T10:08:28.000Z,TF-LUNA-01,10.66
2026-06-26T10:08:30.000Z,TF-LUNA-01,10.51
2026-06-26T10:08:32.000Z,TF-LUNA-01,10.6
2026-06-26T10:08:34.000Z,TF-LUNA-01,10.42
2026-06-26T10:08:36.000Z,TF-LUNA-01,10.68
2026-06-26T10:08:38.000Z,TF-LUNA-01,11.03
2026-06-26T10:08:40.000Z,TF-LUNA-01,11.14
2026-06-26T10:08:42.000Z,TF-LUNA-01,10.7
2026-06-26T10:08:44.000Z,TF-LUNA-01,10.41
2026-06-26T10:08:46.000Z,TF-LUNA-01,10.06
2026-06-26T10:08:48.000Z,TF-LUNA-01,9.63
2026-06-26T10:08:50.000Z,TF-LUNA-01,9.27
2026-06-26T10:08:52.000Z,TF-LUNA-01,8.89
2026-06-26T10:08:54.000Z,TF-LUNA-01,8.51
2026-06-26T10:08:56.000Z,TF-LUNA-01,8.1
2026-06-26T10:08:58.000Z,TF-LUNA-01,7.69
2026-06-26T10:09:00.000Z,TF-LUNA-01,7.24
2026-06-26T10:09:02.000Z,TF-LUNA-01,6.92
2026-06-26T10:09:04.000Z,TF-LUNA-01,6.61
2026-06-26T10:09:06.000Z,TF-LUNA-01,6.34
2026-06-26T10:09:08.000Z,TF-LUNA-01,5.84
2026-06-26T10:09:10.000Z,TF-LUNA-01,5.48
2026-06-26T10:09:12.000Z,TF-LUNA-01,5.11
2026-06-26T10:09:14.000Z,TF-LUNA-01,4.83
2026-06-26T10:09:16.000Z,TF-LUNA-01,4.38
2026-06-26T10:09:18.000Z,TF-LUNA-01,4.08
2026-06-26T10:09:20.000Z,TF-LUNA-01,3.68
2026-06-26T10:09:22.000Z,TF-LUNA-01,3.33
2026-06-26T10:09:24.000Z,TF-LUNA-01,2.84
2026-06-26T10:09:26.000Z,TF-LUNA-01,2.48
2026-06-26T10:09:28.000Z,TF-LUNA-01,5.5
2026-06-26T10:09:30.000Z,TF-LUNA-01,5.71
2026-06-26T10:09:32.000Z,TF-LUNA-01,5.72
2026-06-26T10:09:34.000Z,TF-LUNA-01,5.72
2026-06-26T10:09:36.000Z,TF-LUNA-01,6.07
2026-06-26T10:09:38.000Z,TF-LUNA-01,6.33
2026-06-26T10:09:40.000Z,TF-LUNA-01,5.96
2026-06-26T10:09:42.000Z,TF-LUNA-01,5.87
2026-06-26T10:09:44.000Z,TF-LUNA-01,5.74
2026-06-26T10:09:46.000Z,TF-LUNA-01,5.52
2026-06-26T10:09:48.000Z,TF-LUNA-01,5.5
2026-06-26T10:09:50.000Z,TF-LUNA-01,5.77
2026-06-26T10:09:52.000Z,TF-LUNA-01,6.05
2026-06-26T10:09:54.000Z,TF-LUNA-01,6.01
2026-06-26T10:09:56.000Z,TF-LUNA-01,6.33
2026-06-26T10:09:58.000Z,TF-LUNA-01,6.48
2026-06-26T10:10:00.000Z,TF-LUNA-01,6.41
2026-06-26T10:10:02.000Z,TF-LUNA-01,6.75
2026-06-26T10:10:04.000Z,TF-LUNA-01,6.62
2026-06-26T10:10:06.000Z,TF-LUNA-01,6.96
2026-06-26T10:10:08.000Z,TF-LUNA-01,7.26
2026-06-26T10:10:10.000Z,TF-LUNA-01,7.6
2026-06-26T10:10:12.000Z,TF-LUNA-01,7.7
2026-06-26T10:10:14.000Z,TF-LUNA-01,7.79
2026-06-26T10:10:16.000Z,TF-LUNA-01,7.78
2026-06-26T10:10:18.000Z,TF-LUNA-01,7.58
2026-06-26T10:10:20.000Z,TF-LUNA-01,7.97
2026-06-26T10:10:22.000Z,TF-LUNA-01,7.85
2026-06-26T10:10:24.000Z,TF-LUNA-01,7.6
2026-06-26T10:10:26.000Z,TF-LUNA-01,7.44
2026-06-26T10:10:28.000Z,TF-LUNA-01,7.58
2026-06-26T10:10:30.000Z,TF-LUNA-01,7.36
2026-06-26T10:10:32.000Z,TF-LUNA-01,7.14
2026-06-26T10:10:34.000Z,TF-LUNA-01,6.78
2026-06-26T10:10:36.000Z,TF-LUNA-01,6.67
2026-06-26T10:10:38.000Z,TF-LUNA-01,6.95
2026-06-26T10:10:40.000Z,TF-LUNA-01,6.74
2026-06-26T10:10:42.000Z,TF-LUNA-01,6.87
2026-06-26T10:10:44.000Z,TF-LUNA-01,6.75
2026-06-26T10:10:46.000Z,TF-LUNA-01,6.52
2026-06-26T10:10:48.000Z,TF-LUNA-01,6.13
2026-06-26T10:10:50.000Z,TF-LUNA-01,6.23
2026-06-26T10:10:52.000Z,TF-LUNA-01,6.38
2026-06-26T10:10:54.000Z,TF-LUNA-01,6.02
2026-06-26T10:10:56.000Z,TF-LUNA-01,6.06
2026-06-26T10:10:58.000Z,TF-LUNA-01,6.31
2026-06-26T10:11:00.000Z,TF-LUNA-01,6.46
2026-06-26T10:11:02.000Z,TF-LUNA-01,6.26
2026-06-26T10:11:04.000Z,TF-LUNA-01,6.48
2026-06-26T10:11:06.000Z,TF-LUNA-01,6.86
2026-06-26T10:11:08.000Z,TF-LUNA-01,6.7
2026-06-26T10:11:10.000Z,TF-LUNA-01,6.37
2026-06-26T10:11:12.000Z,TF-LUNA-01,6.03
2026-06-26T10:11:14.000Z,TF-LUNA-01,6.23
2026-06-26T10:11:16.000Z,TF-LUNA-01,6.17
2026-06-26T10:11:18.000Z,TF-LUNA-01,6.45
2026-06-26T10:11:20.000Z,TF-LUNA-01,6.1
2026-06-26T10:11:22.000Z,TF-LUNA-01,6.17
2026-06-26T10:11:24.000Z,TF-LUNA-01,6.42
2026-06-26T10:11:26.000Z,TF-LUNA-01,6.46
2026-06-26T10:11:28.000Z,TF-LUNA-01,6.32
2026-06-26T10:11:30.000Z,TF-LUNA-01,6.34
2026-06-26T10:11:32.000Z,TF-LUNA-01,6.54
2026-06-26T10:11:34.000Z,TF-LUNA-01,6.51
2026-06-26T10:11:36.000Z,TF-LUNA-01,6.77
2026-06-26T10:11:38.000Z,TF-LUNA-01,6.47
2026-06-26T10:11:40.000Z,TF-LUNA-01,6.78
2026-06-26T10:11:42.000Z,TF-LUNA-01,6.42
2026-06-26T10:11:44.000Z,TF-LUNA-01,6.14
2026-06-26T10:11:46.000Z,TF-LUNA-01,6.29
2026-06-26T10:11:48.000Z,TF-LUNA-01,6.04
2026-06-26T10:11:50.000Z,TF-LUNA-01,6.12
2026-06-26T10:11:52.000Z,TF-LUNA-01,6.46
2026-06-26T10:11:54.000Z,TF-LUNA-01,6.36
2026-06-26T10:11:56.000Z,TF-LUNA-01,6.15
2026-06-26T10:11:58.000Z,TF-LUNA-01,6.53
2026-06-26T10:12:00.000Z,TF-LUNA-01,6.49
2026-06-26T10:12:02.000Z,TF-LUNA-01,6.56
2026-06-26T10:12:04.000Z,TF-LUNA-01,6.45
2026-06-26T10:12:06.000Z,TF-LUNA-01,6.43
2026-06-26T10:12:08.000Z,TF-LUNA-01,6.7
2026-06-26T10:12:10.000Z,TF-LUNA-01,7.03
2026-06-26T10:12:12.000Z,TF-LUNA-01,6.81
2026-06-26T10:12:14.000Z,TF-LUNA-01,6.84
2026-06-26T10:12:16.000Z,TF-LUNA-01,6.74
2026-06-26T10:12:18.000Z,TF-LUNA-01,6.67
2026-06-26T10:12:20.000Z,TF-LUNA-01,6.89
2026-06-26T10:12:22.000Z,TF-LUNA-01,7.02
2026-06-26T10:12:24.000Z,TF-LUNA-01,6.92
2026-06-26T10:12:26.000Z,TF-LUNA-01,7.24
2026-06-26T10:12:28.000Z,TF-LUNA-01,7.48
2026-06-26T10:12:30.000Z,TF-LUNA-01,7.28
2026-06-26T10:12:32.000Z,TF-LUNA-01,6.98
2026-06-26T10:12:34.000Z,TF-LUNA-01,6.48
2026-06-26T10:12:36.000Z,TF-LUNA-01,5.98
2026-06-26T10:12:38.000Z,TF-LUNA-01,5.57
2026-06-26T10:12:40.000Z,TF-LUNA-01,5.35
2026-06-26T10:12:42.000Z,TF-LUNA-01,4.99
2026-06-26T10:12:44.000Z,TF-LUNA-01,4.74
2026-06-26T10:12:46.000Z,TF-LUNA-01,4.44
2026-06-26T10:12:48.000Z,TF-LUNA-01,4.02
2026-06-26T10:12:50.000Z,TF-LUNA-01,3.78
2026-06-26T10:12:52.000Z,TF-LUNA-01,3.53
2026-06-26T10:12:54.000Z,TF-LUNA-01,3.27
2026-06-26T10:12:56.000Z,TF-LUNA-01,3.01
2026-06-26T10:12:58.000Z,TF-LUNA-01,2.6
2026-06-26T10:13:00.000Z,TF-LUNA-01,2.25
2026-06-26T10:13:02.000Z,TF-LUNA-01,2.03
2026-06-26T10:13:04.000Z,TF-LUNA-01,1.8
2026-06-26T10:13:06.000Z,TF-LUNA-01,1.8
2026-06-26T10:13:08.000Z,TF-LUNA-01,1.8
2026-06-26T10:13:10.000Z,TF-LUNA-01,1.8
2026-06-26T10:13:12.000Z,TF-LUNA-01,1.8
2026-06-26T10:13:14.000Z,TF-LUNA-01,1.8
2026-06-26T10:13:16.000Z,TF-LUNA-01,1.8
2026-06-26T10:13:18.000Z,TF-LUNA-01,1.8
2026-06-26T10:13:20.000Z,TF-LUNA-01,1.8
2026-06-26T10:13:22.000Z,TF-LUNA-01,1.8
2026-06-26T10:13:24.000Z,TF-LUNA-01,1.8
2026-06-26T10:13:26.000Z,TF-LUNA-01,1.8
2026-06-26T10:13:28.000Z,TF-LUNA-01,1.8
2026-06-26T10:13:30.000Z,TF-LUNA-01,1.8
2026-06-26T10:13:32.000Z,TF-LUNA-01,1.8
2026-06-26T10:13:34.000Z,TF-LUNA-01,1.8
2026-06-26T10:13:36.000Z,TF-LUNA-01,1.8
2026-06-26T10:13:38.000Z,TF-LUNA-01,1.8
2026-06-26T10:13:40.000Z,TF-LUNA-01,1.8
2026-06-26T10:13:42.000Z,TF-LUNA-01,1.8
2026-06-26T10:13:44.000Z,TF-LUNA-01,1.8
2026-06-26T10:13:46.000Z,TF-LUNA-01,1.8
2026-06-26T10:13:48.000Z,TF-LUNA-01,1.8
2026-06-26T10:13:50.000Z,TF-LUNA-01,1.8
2026-06-26T10:13:52.000Z,TF-LUNA-01,5.5
2026-06-26T10:13:54.000Z,TF-LUNA-01,5.5
2026-06-26T10:13:56.000Z,TF-LUNA-01,5.5
2026-06-26T10:13:58.000Z,TF-LUNA-01,5.5
2026-06-26T10:14:00.000Z,TF-LUNA-01,5.82
2026-06-26T10:14:02.000Z,TF-LUNA-01,5.5
2026-06-26T10:14:04.000Z,TF-LUNA-01,5.76
2026-06-26T10:14:06.000Z,TF-LUNA-01,5.9
2026-06-26T10:14:08.000Z,TF-LUNA-01,5.55
2026-06-26T10:14:10.000Z,TF-LUNA-01,5.83
2026-06-26T10:14:12.000Z,TF-LUNA-01,5.35
2026-06-26T10:14:14.000Z,TF-LUNA-01,5.09
2026-06-26T10:14:16.000Z,TF-LUNA-01,4.85
2026-06-26T10:14:18.000Z,TF-LUNA-01,4.37
2026-06-26T10:14:20.000Z,TF-LUNA-01,4.01
2026-06-26T10:14:22.000Z,TF-LUNA-01,3.51
2026-06-26T10:14:24.000Z,TF-LUNA-01,3.08
2026-06-26T10:14:26.000Z,TF-LUNA-01,2.61
2026-06-26T10:14:28.000Z,TF-LUNA-01,2.35
2026-06-26T10:14:30.000Z,TF-LUNA-01,1.88
2026-06-26T10:14:32.000Z,TF-LUNA-01,1.8
2026-06-26T10:14:34.000Z,TF-LUNA-01,1.8
2026-06-26T10:14:36.000Z,TF-LUNA-01,1.8
2026-06-26T10:14:38.000Z,TF-LUNA-01,1.8
2026-06-26T10:14:40.000Z,TF-LUNA-01,1.8
2026-06-26T10:14:42.000Z,TF-LUNA-01,1.8
2026-06-26T10:14:44.000Z,TF-LUNA-01,1.8
2026-06-26T10:14:46.000Z,TF-LUNA-01,1.8
2026-06-26T10:14:48.000Z,TF-LUNA-01,1.8
2026-06-26T10:14:50.000Z,TF-LUNA-01,1.8
2026-06-26T10:14:52.000Z,TF-LUNA-01,5.5
2026-06-26T10:14:54.000Z,TF-LUNA-01,5.5
2026-06-26T10:14:56.000Z,TF-LUNA-01,5.5
2026-06-26T10:14:58.000Z,TF-LUNA-01,5.69
2026-06-26T10:15:00.000Z,TF-LUNA-01,5.5
2026-06-26T10:15:02.000Z,TF-LUNA-01,5.5
2026-06-26T10:15:04.000Z,TF-LUNA-01,5.5
2026-06-26T10:15:06.000Z,TF-LUNA-01,5.54
2026-06-26T10:15:08.000Z,TF-LUNA-01,5.5
2026-06-26T10:15:10.000Z,TF-LUNA-01,5.5
2026-06-26T10:15:12.000Z,TF-LUNA-01,5.53
2026-06-26T10:15:14.000Z,TF-LUNA-01,5.88
2026-06-26T10:15:16.000Z,TF-LUNA-01,5.76
2026-06-26T10:15:18.000Z,TF-LUNA-01,5.97
2026-06-26T10:15:20.000Z,TF-LUNA-01,6.02
2026-06-26T10:15:22.000Z,TF-LUNA-01,6.29
2026-06-26T10:15:24.000Z,TF-LUNA-01,6.15
2026-06-26T10:15:26.000Z,TF-LUNA-01,6.28
2026-06-26T10:15:28.000Z,TF-LUNA-01,6.54
2026-06-26T10:15:30.000Z,TF-LUNA-01,6.33
2026-06-26T10:15:32.000Z,TF-LUNA-01,6.07
2026-06-26T10:15:34.000Z,TF-LUNA-01,5.85
2026-06-26T10:15:36.000Z,TF-LUNA-01,5.54
2026-06-26T10:15:38.000Z,TF-LUNA-01,5.34
2026-06-26T10:15:40.000Z,TF-LUNA-01,4.88
2026-06-26T10:15:42.000Z,TF-LUNA-01,4.54
2026-06-26T10:15:44.000Z,TF-LUNA-01,4.15
2026-06-26T10:15:46.000Z,TF-LUNA-01,3.84
2026-06-26T10:15:48.000Z,TF-LUNA-01,3.56
2026-06-26T10:15:50.000Z,TF-LUNA-01,3.26
2026-06-26T10:15:52.000Z,TF-LUNA-01,2.85
2026-06-26T10:15:54.000Z,TF-LUNA-01,2.39
2026-06-26T10:15:56.000Z,TF-LUNA-01,1.95
2026-06-26T10:15:58.000Z,TF-LUNA-01,1.8
2026-06-26T10:16:00.000Z,TF-LUNA-01,1.8
2026-06-26T10:16:02.000Z,TF-LUNA-01,1.8
2026-06-26T10:16:04.000Z,TF-LUNA-01,1.8
2026-06-26T10:16:06.000Z,TF-LUNA-01,1.8
2026-06-26T10:16:08.000Z,TF-LUNA-01,1.8
2026-06-26T10:16:10.000Z,TF-LUNA-01,1.8
2026-06-26T10:16:12.000Z,TF-LUNA-01,1.8
2026-06-26T10:16:14.000Z,TF-LUNA-01,1.8
2026-06-26T10:16:16.000Z,TF-LUNA-01,1.8
2026-06-26T10:16:18.000Z,TF-LUNA-01,1.8
2026-06-26T10:16:20.000Z,TF-LUNA-01,5.5
2026-06-26T10:16:22.000Z,TF-LUNA-01,5.53
2026-06-26T10:16:24.000Z,TF-LUNA-01,5.5
2026-06-26T10:16:26.000Z,TF-LUNA-01,5.5
2026-06-26T10:16:28.000Z,TF-LUNA-01,5.6
2026-06-26T10:16:30.000Z,TF-LUNA-01,5.5
2026-06-26T10:16:32.000Z,TF-LUNA-01,5.5
2026-06-26T10:16:34.000Z,TF-LUNA-01,5.79
2026-06-26T10:16:36.000Z,TF-LUNA-01,5.58
2026-06-26T10:16:38.000Z,TF-LUNA-01,5.92
2026-06-26T10:16:40.000Z,TF-LUNA-01,5.74
2026-06-26T10:16:42.000Z,TF-LUNA-01,5.86
2026-06-26T10:16:44.000Z,TF-LUNA-01,5.56
2026-06-26T10:16:46.000Z,TF-LUNA-01,5.74
2026-06-26T10:16:48.000Z,TF-LUNA-01,5.63
2026-06-26T10:16:50.000Z,TF-LUNA-01,5.23
2026-06-26T10:16:52.000Z,TF-LUNA-01,4.75
2026-06-26T10:16:54.000Z,TF-LUNA-01,4.3
2026-06-26T10:16:56.000Z,TF-LUNA-01,4.07
2026-06-26T10:16:58.000Z,TF-LUNA-01,3.6
2026-06-26T10:17:00.000Z,TF-LUNA-01,3.37
2026-06-26T10:17:02.000Z,TF-LUNA-01,3.13
2026-06-26T10:17:04.000Z,TF-LUNA-01,2.81
2026-06-26T10:17:06.000Z,TF-LUNA-01,2.44
2026-06-26T10:17:08.000Z,TF-LUNA-01,2.15
2026-06-26T10:17:10.000Z,TF-LUNA-01,1.88
2026-06-26T10:17:12.000Z,TF-LUNA-01,1.8
2026-06-26T10:17:14.000Z,TF-LUNA-01,1.8
2026-06-26T10:17:16.000Z,TF-LUNA-01,1.8
2026-06-26T10:17:18.000Z,TF-LUNA-01,1.8
2026-06-26T10:17:20.000Z,TF-LUNA-01,1.8
2026-06-26T10:17:22.000Z,TF-LUNA-01,1.8
2026-06-26T10:17:24.000Z,TF-LUNA-01,1.8
2026-06-26T10:17:26.000Z,TF-LUNA-01,1.8
2026-06-26T10:17:28.000Z,TF-LUNA-01,1.8
2026-06-26T10:17:30.000Z,TF-LUNA-01,1.8
2026-06-26T10:17:32.000Z,TF-LUNA-01,1.8
2026-06-26T10:17:34.000Z,TF-LUNA-01,1.8
2026-06-26T10:17:36.000Z,TF-LUNA-01,1.8
2026-06-26T10:17:38.000Z,TF-LUNA-01,1.8
2026-06-26T10:17:40.000Z,TF-LUNA-01,1.8
2026-06-26T10:17:42.000Z,TF-LUNA-01,1.8
2026-06-26T10:17:44.000Z,TF-LUNA-01,1.8
2026-06-26T10:17:46.000Z,TF-LUNA-01,1.8
2026-06-26T10:17:48.000Z,TF-LUNA-01,1.8
2026-06-26T10:17:50.000Z,TF-LUNA-01,1.8
2026-06-26T10:17:52.000Z,TF-LUNA-01,1.8
2026-06-26T10:17:54.000Z,TF-LUNA-01,1.8
2026-06-26T10:17:56.000Z,TF-LUNA-01,1.8
2026-06-26T10:17:58.000Z,TF-LUNA-01,1.8
2026-06-26T10:18:00.000Z,TF-LUNA-01,1.8
2026-06-26T10:18:02.000Z,TF-LUNA-01,1.8
2026-06-26T10:18:04.000Z,TF-LUNA-01,1.8
2026-06-26T10:18:06.000Z,TF-LUNA-01,1.8
2026-06-26T10:18:08.000Z,TF-LUNA-01,1.8
2026-06-26T10:18:10.000Z,TF-LUNA-01,1.8
2026-06-26T10:18:12.000Z,TF-LUNA-01,1.8
2026-06-26T10:18:14.000Z,TF-LUNA-01,1.8
2026-06-26T10:18:16.000Z,TF-LUNA-01,1.8
2026-06-26T10:18:18.000Z,TF-LUNA-01,1.8
2026-06-26T10:18:20.000Z,TF-LUNA-01,1.45
2026-06-26T10:18:22.000Z,TF-LUNA-01,1.32
2026-06-26T10:18:24.000Z,TF-LUNA-01,1.2
2026-06-26T10:18:26.000Z,TF-LUNA-01,0.95
2026-06-26T10:18:28.000Z,TF-LUNA-01,0.74
2026-06-26T10:18:30.000Z,TF-LUNA-01,0.56
2026-06-26T10:18:32.000Z,TF-LUNA-01,0.5
2026-06-26T10:18:34.000Z,TF-LUNA-01,0.5
2026-06-26T10:18:36.000Z,TF-LUNA-01,0.5
2026-06-26T10:18:38.000Z,TF-LUNA-01,0.5
2026-06-26T10:18:40.000Z,TF-LUNA-01,0.5
2026-06-26T10:18:42.000Z,TF-LUNA-01,0.5
2026-06-26T10:18:44.000Z,TF-LUNA-01,0.5
2026-06-26T10:18:46.000Z,TF-LUNA-01,0.5
2026-06-26T10:18:48.000Z,TF-LUNA-01,0.5
2026-06-26T10:18:50.000Z,TF-LUNA-01,0.5
2026-06-26T10:18:52.000Z,TF-LUNA-01,0.5
2026-06-26T10:18:54.000Z,TF-LUNA-01,0.5
2026-06-26T10:18:56.000Z,TF-LUNA-01,0.5
2026-06-26T10:18:58.000Z,TF-LUNA-01,0.5
2026-06-26T10:19:00.000Z,TF-LUNA-01,0.5
2026-06-26T10:19:02.000Z,TF-LUNA-01,0.5
2026-06-26T10:19:04.000Z,TF-LUNA-01,0.51
2026-06-26T10:19:06.000Z,TF-LUNA-01,0.51
2026-06-26T10:19:08.000Z,TF-LUNA-01,0.52
2026-06-26T10:19:10.000Z,TF-LUNA-01,0.51
2026-06-26T10:19:12.000Z,TF-LUNA-01,0.5
2026-06-26T10:19:14.000Z,TF-LUNA-01,0.49
2026-06-26T10:19:16.000Z,TF-LUNA-01,0.5
2026-06-26T10:19:18.000Z,TF-LUNA-01,1.01
2026-06-26T10:19:20.000Z,TF-LUNA-01,2.0
2026-06-26T10:19:22.000Z,TF-LUNA-01,2.58
2026-06-26T10:19:24.000Z,TF-LUNA-01,3.56
2026-06-26T10:19:26.000Z,TF-LUNA-01,4.07
2026-06-26T10:19:28.000Z,TF-LUNA-01,4.87
2026-06-26T10:19:30.000Z,TF-LUNA-01,6.0
2026-06-26T10:19:32.000Z,TF-LUNA-01,7.14
2026-06-26T10:19:34.000Z,TF-LUNA-01,8.19
2026-06-26T10:19:36.000Z,TF-LUNA-01,9.25
2026-06-26T10:19:38.000Z,TF-LUNA-01,8.88
2026-06-26T10:19:40.000Z,TF-LUNA-01,8.52
2026-06-26T10:19:42.000Z,TF-LUNA-01,8.59
2026-06-26T10:19:44.000Z,TF-LUNA-01,8.81
2026-06-26T10:19:46.000Z,TF-LUNA-01,8.99
2026-06-26T10:19:48.000Z,TF-LUNA-01,8.99
2026-06-26T10:19:50.000Z,TF-LUNA-01,8.95
2026-06-26T10:19:52.000Z,TF-LUNA-01,9.31
2026-06-26T10:19:54.000Z,TF-LUNA-01,9.17
2026-06-26T10:19:56.000Z,TF-LUNA-01,9.0
2026-06-26T10:19:58.000Z,TF-LUNA-01,8.96
2026-06-26T10:20:00.000Z,TF-LUNA-01,8.81
2026-06-26T10:20:02.000Z,TF-LUNA-01,8.94
2026-06-26T10:20:04.000Z,TF-LUNA-01,9.09
2026-06-26T10:20:06.000Z,TF-LUNA-01,8.95
2026-06-26T10:20:08.000Z,TF-LUNA-01,8.73
2026-06-26T10:20:10.000Z,TF-LUNA-01,8.92
2026-06-26T10:20:12.000Z,TF-LUNA-01,9.27
2026-06-26T10:20:14.000Z,TF-LUNA-01,9.05
2026-06-26T10:20:16.000Z,TF-LUNA-01,8.85
2026-06-26T10:20:18.000Z,TF-LUNA-01,8.7
2026-06-26T10:20:20.000Z,TF-LUNA-01,8.86
2026-06-26T10:20:22.000Z,TF-LUNA-01,8.73
2026-06-26T10:20:24.000Z,TF-LUNA-01,8.77
2026-06-26T10:20:26.000Z,TF-LUNA-01,8.73
2026-06-26T10:20:28.000Z,TF-LUNA-01,8.43
2026-06-26T10:20:30.000Z,TF-LUNA-01,8.46
2026-06-26T10:20:32.000Z,TF-LUNA-01,8.7
2026-06-26T10:20:34.000Z,TF-LUNA-01,8.71
2026-06-26T10:20:36.000Z,TF-LUNA-01,8.59
2026-06-26T10:20:38.000Z,TF-LUNA-01,8.39
2026-06-26T10:20:40.000Z,TF-LUNA-01,8.24
2026-06-26T10:20:42.000Z,TF-LUNA-01,8.25
2026-06-26T10:20:44.000Z,TF-LUNA-01,7.96
2026-06-26T10:20:46.000Z,TF-LUNA-01,7.69
2026-06-26T10:20:48.000Z,TF-LUNA-01,7.66
2026-06-26T10:20:50.000Z,TF-LUNA-01,7.68
2026-06-26T10:20:52.000Z,TF-LUNA-01,7.55
2026-06-26T10:20:54.000Z,TF-LUNA-01,7.46
2026-06-26T10:20:56.000Z,TF-LUNA-01,7.83
2026-06-26T10:20:58.000Z,TF-LUNA-01,7.98
2026-06-26T10:21:00.000Z,TF-LUNA-01,7.68
2026-06-26T10:21:02.000Z,TF-LUNA-01,7.62
2026-06-26T10:21:04.000Z,TF-LUNA-01,7.3
2026-06-26T10:21:06.000Z,TF-LUNA-01,7.06
2026-06-26T10:21:08.000Z,TF-LUNA-01,7.31
2026-06-26T10:21:10.000Z,TF-LUNA-01,7.33
2026-06-26T10:21:12.000Z,TF-LUNA-01,7.58
2026-06-26T10:21:14.000Z,TF-LUNA-01,7.49
2026-06-26T10:21:16.000Z,TF-LUNA-01,7.82
2026-06-26T10:21:18.000Z,TF-LUNA-01,7.36
2026-06-26T10:21:20.000Z,TF-LUNA-01,7.06
2026-06-26T10:21:22.000Z,TF-LUNA-01,6.75
2026-06-26T10:21:24.000Z,TF-LUNA-01,6.32
2026-06-26T10:21:26.000Z,TF-LUNA-01,6.12
2026-06-26T10:21:28.000Z,TF-LUNA-01,5.86
2026-06-26T10:21:30.000Z,TF-LUNA-01,5.5
2026-06-26T10:21:32.000Z,TF-LUNA-01,5.08
2026-06-26T10:21:34.000Z,TF-LUNA-01,4.65
2026-06-26T10:21:36.000Z,TF-LUNA-01,4.2
2026-06-26T10:21:38.000Z,TF-LUNA-01,3.95
2026-06-26T10:21:40.000Z,TF-LUNA-01,3.71
2026-06-26T10:21:42.000Z,TF-LUNA-01,3.32
2026-06-26T10:21:44.000Z,TF-LUNA-01,2.83
2026-06-26T10:21:46.000Z,TF-LUNA-01,2.37
2026-06-26T10:21:48.000Z,TF-LUNA-01,2.16
2026-06-26T10:21:50.000Z,TF-LUNA-01,1.8
2026-06-26T10:21:52.000Z,TF-LUNA-01,1.8
2026-06-26T10:21:54.000Z,TF-LUNA-01,1.8
2026-06-26T10:21:56.000Z,TF-LUNA-01,1.8
2026-06-26T10:21:58.000Z,TF-LUNA-01,1.8
2026-06-26T10:22:00.000Z,TF-LUNA-01,1.8
2026-06-26T10:22:02.000Z,TF-LUNA-01,1.8
2026-06-26T10:22:04.000Z,TF-LUNA-01,1.8
2026-06-26T10:22:06.000Z,TF-LUNA-01,1.8
2026-06-26T10:22:08.000Z,TF-LUNA-01,1.8
2026-06-26T10:22:10.000Z,TF-LUNA-01,1.8
2026-06-26T10:22:12.000Z,TF-LUNA-01,1.8
2026-06-26T10:22:14.000Z,TF-LUNA-01,1.8
2026-06-26T10:22:16.000Z,TF-LUNA-01,1.8
2026-06-26T10:22:18.000Z,TF-LUNA-01,1.8
2026-06-26T10:22:20.000Z,TF-LUNA-01,1.8
2026-06-26T10:22:22.000Z,TF-LUNA-01,1.8
2026-06-26T10:22:24.000Z,TF-LUNA-01,1.8
2026-06-26T10:22:26.000Z,TF-LUNA-01,1.8
2026-06-26T10:22:28.000Z,TF-LUNA-01,1.8
2026-06-26T10:22:30.000Z,TF-LUNA-01,1.8
2026-06-26T10:22:32.000Z,TF-LUNA-01,1.8
2026-06-26T10:22:34.000Z,TF-LUNA-01,1.8
2026-06-26T10:22:36.000Z,TF-LUNA-01,1.8
2026-06-26T10:22:38.000Z,TF-LUNA-01,1.8
2026-06-26T10:22:40.000Z,TF-LUNA-01,1.8
2026-06-26T10:22:42.000Z,TF-LUNA-01,1.8
2026-06-26T10:22:44.000Z,TF-LUNA-01,1.8
2026-06-26T10:22:46.000Z,TF-LUNA-01,1.8
2026-06-26T10:22:48.000Z,TF-LUNA-01,1.8
2026-06-26T10:22:50.000Z,TF-LUNA-01,1.8
2026-06-26T10:22:52.000Z,TF-LUNA-01,1.8
2026-06-26T10:22:54.000Z,TF-LUNA-01,5.5
2026-06-26T10:22:56.000Z,TF-LUNA-01,5.84
2026-06-26T10:22:58.000Z,TF-LUNA-01,5.94
2026-06-26T10:23:00.000Z,TF-LUNA-01,5.87
2026-06-26T10:23:02.000Z,TF-LUNA-01,5.93
2026-06-26T10:23:04.000Z,TF-LUNA-01,5.92
2026-06-26T10:23:06.000Z,TF-LUNA-01,5.57
2026-06-26T10:23:08.000Z,TF-LUNA-01,5.5
2026-06-26T10:23:10.000Z,TF-LUNA-01,5.56
2026-06-26T10:23:12.000Z,TF-LUNA-01,5.5
2026-06-26T10:23:14.000Z,TF-LUNA-01,5.5
2026-06-26T10:23:16.000Z,TF-LUNA-01,5.5
2026-06-26T10:23:18.000Z,TF-LUNA-01,5.83
2026-06-26T10:23:20.000Z,TF-LUNA-01,5.92
2026-06-26T10:23:22.000Z,TF-LUNA-01,6.09
2026-06-26T10:23:24.000Z,TF-LUNA-01,6.09
2026-06-26T10:23:26.000Z,TF-LUNA-01,6.0
2026-06-26T10:23:28.000Z,TF-LUNA-01,6.36
2026-06-26T10:23:30.000Z,TF-LUNA-01,6.71
2026-06-26T10:23:32.000Z,TF-LUNA-01,6.71
2026-06-26T10:23:34.000Z,TF-LUNA-01,6.35
2026-06-26T10:23:36.000Z,TF-LUNA-01,6.56
2026-06-26T10:23:38.000Z,TF-LUNA-01,6.61
2026-06-26T10:23:40.000Z,TF-LUNA-01,6.7
2026-06-26T10:23:42.000Z,TF-LUNA-01,6.72
2026-06-26T10:23:44.000Z,TF-LUNA-01,6.68
2026-06-26T10:23:46.000Z,TF-LUNA-01,6.34
2026-06-26T10:23:48.000Z,TF-LUNA-01,6.66
2026-06-26T10:23:50.000Z,TF-LUNA-01,6.8
2026-06-26T10:23:52.000Z,TF-LUNA-01,6.64
2026-06-26T10:23:54.000Z,TF-LUNA-01,6.84
2026-06-26T10:23:56.000Z,TF-LUNA-01,6.86
2026-06-26T10:23:58.000Z,TF-LUNA-01,7.08
2026-06-26T10:24:00.000Z,TF-LUNA-01,6.76
2026-06-26T10:24:02.000Z,TF-LUNA-01,6.67
2026-06-26T10:24:04.000Z,TF-LUNA-01,6.97
2026-06-26T10:24:06.000Z,TF-LUNA-01,6.67
2026-06-26T10:24:08.000Z,TF-LUNA-01,6.53
2026-06-26T10:24:10.000Z,TF-LUNA-01,6.86
2026-06-26T10:24:12.000Z,TF-LUNA-01,6.77
2026-06-26T10:24:14.000Z,TF-LUNA-01,6.53
2026-06-26T10:24:16.000Z,TF-LUNA-01,6.47
2026-06-26T10:24:18.000Z,TF-LUNA-01,6.43
2026-06-26T10:24:20.000Z,TF-LUNA-01,6.4
2026-06-26T10:24:22.000Z,TF-LUNA-01,6.14
2026-06-26T10:24:24.000Z,TF-LUNA-01,5.77
2026-06-26T10:24:26.000Z,TF-LUNA-01,5.51
2026-06-26T10:24:28.000Z,TF-LUNA-01,5.5
2026-06-26T10:24:30.000Z,TF-LUNA-01,5.5
2026-06-26T10:24:32.000Z,TF-LUNA-01,5.74
2026-06-26T10:24:34.000Z,TF-LUNA-01,5.66
2026-06-26T10:24:36.000Z,TF-LUNA-01,5.61
2026-06-26T10:24:38.000Z,TF-LUNA-01,5.8
2026-06-26T10:24:40.000Z,TF-LUNA-01,5.65
2026-06-26T10:24:42.000Z,TF-LUNA-01,5.56
2026-06-26T10:24:44.000Z,TF-LUNA-01,5.5
2026-06-26T10:24:46.000Z,TF-LUNA-01,5.5
2026-06-26T10:24:48.000Z,TF-LUNA-01,5.72
2026-06-26T10:24:50.000Z,TF-LUNA-01,5.58
2026-06-26T10:24:52.000Z,TF-LUNA-01,5.52
2026-06-26T10:24:54.000Z,TF-LUNA-01,5.71
2026-06-26T10:24:56.000Z,TF-LUNA-01,5.89
2026-06-26T10:24:58.000Z,TF-LUNA-01,6.08
2026-06-26T10:25:00.000Z,TF-LUNA-01,5.94
2026-06-26T10:25:02.000Z,TF-LUNA-01,5.73
2026-06-26T10:25:04.000Z,TF-LUNA-01,5.69
2026-06-26T10:25:06.000Z,TF-LUNA-01,5.86
2026-06-26T10:25:08.000Z,TF-LUNA-01,6.0
2026-06-26T10:25:10.000Z,TF-LUNA-01,6.03
2026-06-26T10:25:12.000Z,TF-LUNA-01,5.77
2026-06-26T10:25:14.000Z,TF-LUNA-01,5.81
2026-06-26T10:25:16.000Z,TF-LUNA-01,5.71
2026-06-26T10:25:18.000Z,TF-LUNA-01,5.96
2026-06-26T10:25:20.000Z,TF-LUNA-01,6.29
2026-06-26T10:25:22.000Z,TF-LUNA-01,6.03
2026-06-26T10:25:24.000Z,TF-LUNA-01,6.3
2026-06-26T10:25:26.000Z,TF-LUNA-01,5.92
2026-06-26T10:25:28.000Z,TF-LUNA-01,5.59
2026-06-26T10:25:30.000Z,TF-LUNA-01,5.5
2026-06-26T10:25:32.000Z,TF-LUNA-01,5.64
2026-06-26T10:25:34.000Z,TF-LUNA-01,5.54
2026-06-26T10:25:36.000Z,TF-LUNA-01,5.64
2026-06-26T10:25:38.000Z,TF-LUNA-01,5.99
2026-06-26T10:25:40.000Z,TF-LUNA-01,5.97
2026-06-26T10:25:42.000Z,TF-LUNA-01,6.13
2026-06-26T10:25:44.000Z,TF-LUNA-01,6.11
2026-06-26T10:25:46.000Z,TF-LUNA-01,5.81
2026-06-26T10:25:48.000Z,TF-LUNA-01,5.56
2026-06-26T10:25:50.000Z,TF-LUNA-01,5.5
2026-06-26T10:25:52.000Z,TF-LUNA-01,5.89
2026-06-26T10:25:54.000Z,TF-LUNA-01,6.19
2026-06-26T10:25:56.000Z,TF-LUNA-01,5.98
2026-06-26T10:25:58.000Z,TF-LUNA-01,6.05
2026-06-26T10:26:00.000Z,TF-LUNA-01,5.8
2026-06-26T10:26:02.000Z,TF-LUNA-01,6.0
2026-06-26T10:26:04.000Z,TF-LUNA-01,5.76
2026-06-26T10:26:06.000Z,TF-LUNA-01,6.14
2026-06-26T10:26:08.000Z,TF-LUNA-01,6.39
2026-06-26T10:26:10.000Z,TF-LUNA-01,6.38
2026-06-26T10:26:12.000Z,TF-LUNA-01,6.15
2026-06-26T10:26:14.000Z,TF-LUNA-01,5.79
2026-06-26T10:26:16.000Z,TF-LUNA-01,5.79
2026-06-26T10:26:18.000Z,TF-LUNA-01,5.64
2026-06-26T10:26:20.000Z,TF-LUNA-01,5.5
2026-06-26T10:26:22.000Z,TF-LUNA-01,5.82
2026-06-26T10:26:24.000Z,TF-LUNA-01,5.92
2026-06-26T10:26:26.000Z,TF-LUNA-01,5.85
2026-06-26T10:26:28.000Z,TF-LUNA-01,6.16
2026-06-26T10:26:30.000Z,TF-LUNA-01,5.98
2026-06-26T10:26:32.000Z,TF-LUNA-01,6.1
2026-06-26T10:26:34.000Z,TF-LUNA-01,6.28
2026-06-26T10:26:36.000Z,TF-LUNA-01,6.47
2026-06-26T10:26:38.000Z,TF-LUNA-01,6.57
2026-06-26T10:26:40.000Z,TF-LUNA-01,6.55
2026-06-26T10:26:42.000Z,TF-LUNA-01,6.69
2026-06-26T10:26:44.000Z,TF-LUNA-01,6.57
2026-06-26T10:26:46.000Z,TF-LUNA-01,6.63
2026-06-26T10:26:48.000Z,TF-LUNA-01,6.55
2026-06-26T10:26:50.000Z,TF-LUNA-01,6.66
2026-06-26T10:26:52.000Z,TF-LUNA-01,6.4
2026-06-26T10:26:54.000Z,TF-LUNA-01,6.66
2026-06-26T10:26:56.000Z,TF-LUNA-01,6.28
2026-06-26T10:26:58.000Z,TF-LUNA-01,5.98
2026-06-26T10:27:00.000Z,TF-LUNA-01,6.0
2026-06-26T10:27:02.000Z,TF-LUNA-01,6.15
2026-06-26T10:27:04.000Z,TF-LUNA-01,6.47
2026-06-26T10:27:06.000Z,TF-LUNA-01,6.32
2026-06-26T10:27:08.000Z,TF-LUNA-01,6.25
2026-06-26T10:27:10.000Z,TF-LUNA-01,6.05
2026-06-26T10:27:12.000Z,TF-LUNA-01,6.3
2026-06-26T10:27:14.000Z,TF-LUNA-01,6.57
2026-06-26T10:27:16.000Z,TF-LUNA-01,6.3
2026-06-26T10:27:18.000Z,TF-LUNA-01,6.38
2026-06-26T10:27:20.000Z,TF-LUNA-01,6.11
2026-06-26T10:27:22.000Z,TF-LUNA-01,5.79
2026-06-26T10:27:24.000Z,TF-LUNA-01,5.42
2026-06-26T10:27:26.000Z,TF-LUNA-01,5.2
2026-06-26T10:27:28.000Z,TF-LUNA-01,4.91
2026-06-26T10:27:30.000Z,TF-LUNA-01,4.59
2026-06-26T10:27:32.000Z,TF-LUNA-01,4.12
2026-06-26T10:27:34.000Z,TF-LUNA-01,3.83
2026-06-26T10:27:36.000Z,TF-LUNA-01,3.38
2026-06-26T10:27:38.000Z,TF-LUNA-01,3.18
2026-06-26T10:27:40.000Z,TF-LUNA-01,2.87
2026-06-26T10:27:42.000Z,TF-LUNA-01,2.52
2026-06-26T10:27:44.000Z,TF-LUNA-01,2.1
2026-06-26T10:27:46.000Z,TF-LUNA-01,1.8
2026-06-26T10:27:48.000Z,TF-LUNA-01,1.8
2026-06-26T10:27:50.000Z,TF-LUNA-01,1.8
2026-06-26T10:27:52.000Z,TF-LUNA-01,1.8
2026-06-26T10:27:54.000Z,TF-LUNA-01,1.8
2026-06-26T10:27:56.000Z,TF-LUNA-01,1.8
2026-06-26T10:27:58.000Z,TF-LUNA-01,1.8
2026-06-26T10:28:00.000Z,TF-LUNA-01,1.8
2026-06-26T10:28:02.000Z,TF-LUNA-01,1.8
2026-06-26T10:28:04.000Z,TF-LUNA-01,1.8
2026-06-26T10:28:06.000Z,TF-LUNA-01,1.8
2026-06-26T10:28:08.000Z,TF-LUNA-01,1.8
2026-06-26T10:28:10.000Z,TF-LUNA-01,1.8
2026-06-26T10:28:12.000Z,TF-LUNA-01,1.8
2026-06-26T10:28:14.000Z,TF-LUNA-01,1.8
2026-06-26T10:28:16.000Z,TF-LUNA-01,1.8
2026-06-26T10:28:18.000Z,TF-LUNA-01,1.8
2026-06-26T10:28:20.000Z,TF-LUNA-01,1.8
2026-06-26T10:28:22.000Z,TF-LUNA-01,1.8
2026-06-26T10:28:24.000Z,TF-LUNA-01,1.8
2026-06-26T10:28:26.000Z,TF-LUNA-01,1.8
2026-06-26T10:28:28.000Z,TF-LUNA-01,1.8
2026-06-26T10:28:30.000Z,TF-LUNA-01,1.8
2026-06-26T10:28:32.000Z,TF-LUNA-01,1.8
2026-06-26T10:28:34.000Z,TF-LUNA-01,1.8
2026-06-26T10:28:36.000Z,TF-LUNA-01,1.8
2026-06-26T10:28:38.000Z,TF-LUNA-01,1.8
2026-06-26T10:28:40.000Z,TF-LUNA-01,1.8
2026-06-26T10:28:42.000Z,TF-LUNA-01,1.45
2026-06-26T10:28:44.000Z,TF-LUNA-01,1.27
2026-06-26T10:28:46.000Z,TF-LUNA-01,0.98
2026-06-26T10:28:48.000Z,TF-LUNA-01,0.77
2026-06-26T10:28:50.000Z,TF-LUNA-01,0.56
2026-06-26T10:28:52.000Z,TF-LUNA-01,0.5
2026-06-26T10:28:54.000Z,TF-LUNA-01,0.5
2026-06-26T10:28:56.000Z,TF-LUNA-01,0.5
2026-06-26T10:28:58.000Z,TF-LUNA-01,0.5
2026-06-26T10:29:00.000Z,TF-LUNA-01,0.5
2026-06-26T10:29:02.000Z,TF-LUNA-01,0.5
2026-06-26T10:29:04.000Z,TF-LUNA-01,0.5
2026-06-26T10:29:06.000Z,TF-LUNA-01,0.5
2026-06-26T10:29:08.000Z,TF-LUNA-01,0.5
2026-06-26T10:29:10.000Z,TF-LUNA-01,0.51
2026-06-26T10:29:12.000Z,TF-LUNA-01,0.5
2026-06-26T10:29:14.000Z,TF-LUNA-01,0.5
2026-06-26T10:29:16.000Z,TF-LUNA-01,0.49
2026-06-26T10:29:18.000Z,TF-LUNA-01,0.48
2026-06-26T10:29:20.000Z,TF-LUNA-01,0.46
2026-06-26T10:29:22.000Z,TF-LUNA-01,0.46
2026-06-26T10:29:24.000Z,TF-LUNA-01,0.47
2026-06-26T10:29:26.000Z,TF-LUNA-01,0.47
2026-06-26T10:29:28.000Z,TF-LUNA-01,1.38
2026-06-26T10:29:30.000Z,TF-LUNA-01,2.08
2026-06-26T10:29:32.000Z,TF-LUNA-01,2.91
2026-06-26T10:29:34.000Z,TF-LUNA-01,3.83
2026-06-26T10:29:36.000Z,TF-LUNA-01,4.89
2026-06-26T10:29:38.000Z,TF-LUNA-01,5.69
2026-06-26T10:29:40.000Z,TF-LUNA-01,6.26
2026-06-26T10:29:42.000Z,TF-LUNA-01,7.34
2026-06-26T10:29:44.000Z,TF-LUNA-01,7.31
2026-06-26T10:29:46.000Z,TF-LUNA-01,7.33
2026-06-26T10:29:48.000Z,TF-LUNA-01,7.35
2026-06-26T10:29:50.000Z,TF-LUNA-01,7.18
2026-06-26T10:29:52.000Z,TF-LUNA-01,6.97
2026-06-26T10:29:54.000Z,TF-LUNA-01,6.85
2026-06-26T10:29:56.000Z,TF-LUNA-01,7.2
2026-06-26T10:29:58.000Z,TF-LUNA-01,6.97
2026-06-26T10:30:00.000Z,TF-LUNA-01,6.6
2026-06-26T10:30:02.000Z,TF-LUNA-01,6.95
2026-06-26T10:30:04.000Z,TF-LUNA-01,6.88
2026-06-26T10:30:06.000Z,TF-LUNA-01,6.52
2026-06-26T10:30:08.000Z,TF-LUNA-01,6.46
2026-06-26T10:30:10.000Z,TF-LUNA-01,6.51
2026-06-26T10:30:12.000Z,TF-LUNA-01,6.9
2026-06-26T10:30:14.000Z,TF-LUNA-01,6.74
2026-06-26T10:30:16.000Z,TF-LUNA-01,6.51
2026-06-26T10:30:18.000Z,TF-LUNA-01,6.86
2026-06-26T10:30:20.000Z,TF-LUNA-01,6.95
2026-06-26T10:30:22.000Z,TF-LUNA-01,7.05
2026-06-26T10:30:24.000Z,TF-LUNA-01,7.15
2026-06-26T10:30:26.000Z,TF-LUNA-01,7.18
2026-06-26T10:30:28.000Z,TF-LUNA-01,7.4
2026-06-26T10:30:30.000Z,TF-LUNA-01,7.59
2026-06-26T10:30:32.000Z,TF-LUNA-01,7.86
2026-06-26T10:30:34.000Z,TF-LUNA-01,7.63
2026-06-26T10:30:36.000Z,TF-LUNA-01,7.62
2026-06-26T10:30:38.000Z,TF-LUNA-01,7.56
2026-06-26T10:30:40.000Z,TF-LUNA-01,7.21
2026-06-26T10:30:42.000Z,TF-LUNA-01,7.58
2026-06-26T10:30:44.000Z,TF-LUNA-01,7.83
2026-06-26T10:30:46.000Z,TF-LUNA-01,7.73
2026-06-26T10:30:48.000Z,TF-LUNA-01,7.96
2026-06-26T10:30:50.000Z,TF-LUNA-01,8.13
2026-06-26T10:30:52.000Z,TF-LUNA-01,7.89
2026-06-26T10:30:54.000Z,TF-LUNA-01,7.95
2026-06-26T10:30:56.000Z,TF-LUNA-01,7.75
2026-06-26T10:30:58.000Z,TF-LUNA-01,7.31
2026-06-26T10:31:00.000Z,TF-LUNA-01,6.96
2026-06-26T10:31:02.000Z,TF-LUNA-01,6.67
2026-06-26T10:31:04.000Z,TF-LUNA-01,6.46
2026-06-26T10:31:06.000Z,TF-LUNA-01,5.96
2026-06-26T10:31:08.000Z,TF-LUNA-01,5.58
2026-06-26T10:31:10.000Z,TF-LUNA-01,5.17
2026-06-26T10:31:12.000Z,TF-LUNA-01,4.78
2026-06-26T10:31:14.000Z,TF-LUNA-01,4.57
2026-06-26T10:31:16.000Z,TF-LUNA-01,4.08
2026-06-26T10:31:18.000Z,TF-LUNA-01,3.83
2026-06-26T10:31:20.000Z,TF-LUNA-01,3.56
2026-06-26T10:31:22.000Z,TF-LUNA-01,3.14
2026-06-26T10:31:24.000Z,TF-LUNA-01,2.9
2026-06-26T10:31:26.000Z,TF-LUNA-01,2.6
2026-06-26T10:31:28.000Z,TF-LUNA-01,2.4
2026-06-26T10:31:30.000Z,TF-LUNA-01,2.07
2026-06-26T10:31:32.000Z,TF-LUNA-01,1.83
2026-06-26T10:31:34.000Z,TF-LUNA-01,1.8
2026-06-26T10:31:36.000Z,TF-LUNA-01,1.8
2026-06-26T10:31:38.000Z,TF-LUNA-01,1.8
2026-06-26T10:31:40.000Z,TF-LUNA-01,1.8
2026-06-26T10:31:42.000Z,TF-LUNA-01,1.8
2026-06-26T10:31:44.000Z,TF-LUNA-01,1.8
2026-06-26T10:31:46.000Z,TF-LUNA-01,1.8
2026-06-26T10:31:48.000Z,TF-LUNA-01,1.8
2026-06-26T10:31:50.000Z,TF-LUNA-01,1.8
2026-06-26T10:31:52.000Z,TF-LUNA-01,1.8
2026-06-26T10:31:54.000Z,TF-LUNA-01,1.8
2026-06-26T10:31:56.000Z,TF-LUNA-01,1.8
2026-06-26T10:31:58.000Z,TF-LUNA-01,1.8
2026-06-26T10:32:00.000Z,TF-LUNA-01,1.8
2026-06-26T10:32:02.000Z,TF-LUNA-01,1.8
2026-06-26T10:32:04.000Z,TF-LUNA-01,1.8
2026-06-26T10:32:06.000Z,TF-LUNA-01,1.8
2026-06-26T10:32:08.000Z,TF-LUNA-01,1.8
2026-06-26T10:32:10.000Z,TF-LUNA-01,1.8
2026-06-26T10:32:12.000Z,TF-LUNA-01,1.8
2026-06-26T10:32:14.000Z,TF-LUNA-01,1.8
2026-06-26T10:32:16.000Z,TF-LUNA-01,1.8
2026-06-26T10:32:18.000Z,TF-LUNA-01,1.8
2026-06-26T10:32:20.000Z,TF-LUNA-01,1.8
2026-06-26T10:32:22.000Z,TF-LUNA-01,1.8
2026-06-26T10:32:24.000Z,TF-LUNA-01,1.8
2026-06-26T10:32:26.000Z,TF-LUNA-01,1.8
2026-06-26T10:32:28.000Z,TF-LUNA-01,1.8
2026-06-26T10:32:30.000Z,TF-LUNA-01,1.45
2026-06-26T10:32:32.000Z,TF-LUNA-01,1.31
2026-06-26T10:32:34.000Z,TF-LUNA-01,1.15
2026-06-26T10:32:36.000Z,TF-LUNA-01,0.95
2026-06-26T10:32:38.000Z,TF-LUNA-01,0.7
2026-06-26T10:32:40.000Z,TF-LUNA-01,0.5
2026-06-26T10:32:42.000Z,TF-LUNA-01,0.5
2026-06-26T10:32:44.000Z,TF-LUNA-01,0.5
2026-06-26T10:32:46.000Z,TF-LUNA-01,0.5
2026-06-26T10:32:48.000Z,TF-LUNA-01,0.5
2026-06-26T10:32:50.000Z,TF-LUNA-01,0.5
2026-06-26T10:32:52.000Z,TF-LUNA-01,0.5
2026-06-26T10:32:54.000Z,TF-LUNA-01,0.5
2026-06-26T10:32:56.000Z,TF-LUNA-01,0.51
2026-06-26T10:32:58.000Z,TF-LUNA-01,0.52
2026-06-26T10:33:00.000Z,TF-LUNA-01,0.51
2026-06-26T10:33:02.000Z,TF-LUNA-01,0.52
2026-06-26T10:33:04.000Z,TF-LUNA-01,0.52
2026-06-26T10:33:06.000Z,TF-LUNA-01,0.53
2026-06-26T10:33:08.000Z,TF-LUNA-01,0.54
2026-06-26T10:33:10.000Z,TF-LUNA-01,0.55
2026-06-26T10:33:12.000Z,TF-LUNA-01,0.57
2026-06-26T10:33:14.000Z,TF-LUNA-01,0.56
2026-06-26T10:33:16.000Z,TF-LUNA-01,0.58
2026-06-26T10:33:18.000Z,TF-LUNA-01,1.77
2026-06-26T10:33:20.000Z,TF-LUNA-01,2.66
